"Measure ID","Measure Description","National Rate","Better","No Different","Worse","Too Small","Start Date","End Date"
PCH-30,Admissions for Patients Receiving Outpatient Chemotherapy,13,1,8,2,0,07/01/2023,06/30/2024
PCH-31,Emergency Department (ED) Visits for Patients Receiving Outpatient Chemotherapy,5.2,0,10,1,0,07/01/2023,06/30/2024
PCH-36,30-Day Unplanned Readmission for Cancer Patients,20.2,1,10,0,0,10/01/2022,09/30/2023
PCH-37,Surgical treatment complications for localized prostate cancer,50.0,Not Applicable,Not Applicable,Not Applicable,Not Applicable,07/01/2022,06/30/2023
